Domain Code,Domain,Area Code,Area,Element Code,Element,Item Code,Item,Year Code,Year,Unit,Valuef,Value,Flag Description,Note
FS,Suite of Food Security Indicators,2,Afghanistan,6121,Value,210041,Prevalence of undernourishment (percent) (3-year average),20182020,2018-2020,%,25.6,25.6,FAO estimate,
FS,Suite of Food Security Indicators,3,Albania,6121,Value,210041,Prevalence of undernourishment (percent) (3-year average),20182020,2018-2020,%,3.9,03.9,FAO estimate,
FS,Suite of Food Security Indicators,4,Algeria,6121,Value,210041,Prevalence of undernourishment (percent) (3-year average),20182020,2018-2020,%,<2.5,02.5,FAO estimate,
FS,Suite of Food Security Indicators,5,American Samoa,6121,Value,210041,Prevalence of undernourishment (percent) (3-year average),20182020,2018-2020,%,,,Data not available,
FS,Suite of Food Security Indicators,6,Andorra,6121,Value,210041,Prevalence of undernourishment (percent) (3-year average),20182020,2018-2020,%,,,Data not available,
FS,Suite of Food Security Indicators,7,Angola,6121,Value,210041,Prevalence of undernourishment (percent) (3-year average),20182020,2018-2020,%,17.3,17.3,FAO estimate,
FS,Suite of Food Security Indicators,8,Antigua and Barbuda,6121,Value,210041,Prevalence of undernourishment (percent) (3-year average),20182020,2018-2020,%,,,Data not available,
FS,Suite of Food Security Indicators,9,Argentina,6121,Value,210041,Prevalence of undernourishment (percent) (3-year average),20182020,2018-2020,%,3.9,03.9,FAO estimate,
FS,Suite of Food Security Indicators,1,Armenia,6121,Value,210041,Prevalence of undernourishment (percent) (3-year average),20182020,2018-2020,%,3.4,03.4,FAO estimate,
FS,Suite of Food Security Indicators,10,Australia,6121,Value,210041,Prevalence of undernourishment (percent) (3-year average),20182020,2018-2020,%,<2.5,02.5,FAO estimate,
FS,Suite of Food Security Indicators,11,Austria,6121,Value,210041,Prevalence of undernourishment (percent) (3-year average),20182020,2018-2020,%,<2.5,02.5,FAO estimate,
FS,Suite of Food Security Indicators,52,Azerbaijan,6121,Value,210041,Prevalence of undernourishment (percent) (3-year average),20182020,2018-2020,%,<2.5,02.5,FAO estimate,
FS,Suite of Food Security Indicators,12,Bahamas,6121,Value,210041,Prevalence of undernourishment (percent) (3-year average),20182020,2018-2020,%,,,Data not available,
FS,Suite of Food Security Indicators,13,Bahrain,6121,Value,210041,Prevalence of undernourishment (percent) (3-year average),20182020,2018-2020,%,,,Data not available,
FS,Suite of Food Security Indicators,16,Bangladesh,6121,Value,210041,Prevalence of undernourishment (percent) (3-year average),20182020,2018-2020,%,9.7,09.7,FAO estimate,
FS,Suite of Food Security Indicators,14,Barbados,6121,Value,210041,Prevalence of undernourishment (percent) (3-year average),20182020,2018-2020,%,4.1,04.1,FAO estimate,
FS,Suite of Food Security Indicators,57,Belarus,6121,Value,210041,Prevalence of undernourishment (percent) (3-year average),20182020,2018-2020,%,<2.5,02.5,FAO estimate,
FS,Suite of Food Security Indicators,255,Belgium,6121,Value,210041,Prevalence of undernourishment (percent) (3-year average),20182020,2018-2020,%,<2.5,02.5,FAO estimate,
FS,Suite of Food Security Indicators,23,Belize,6121,Value,210041,Prevalence of undernourishment (percent) (3-year average),20182020,2018-2020,%,5.9,05.9,FAO estimate,
FS,Suite of Food Security Indicators,53,Benin,6121,Value,210041,Prevalence of undernourishment (percent) (3-year average),20182020,2018-2020,%,7.6,07.6,FAO estimate,
FS,Suite of Food Security Indicators,17,Bermuda,6121,Value,210041,Prevalence of undernourishment (percent) (3-year average),20182020,2018-2020,%,,,Data not available,
FS,Suite of Food Security Indicators,18,Bhutan,6121,Value,210041,Prevalence of undernourishment (percent) (3-year average),20182020,2018-2020,%,,,Data not available,
FS,Suite of Food Security Indicators,19,Bolivia (Plurinational State of),6121,Value,210041,Prevalence of undernourishment (percent) (3-year average),20182020,2018-2020,%,12.6,12.6,FAO estimate,
FS,Suite of Food Security Indicators,80,Bosnia and Herzegovina,6121,Value,210041,Prevalence of undernourishment (percent) (3-year average),20182020,2018-2020,%,<2.5,02.5,FAO estimate,
FS,Suite of Food Security Indicators,20,Botswana,6121,Value,210041,Prevalence of undernourishment (percent) (3-year average),20182020,2018-2020,%,29.3,29.3,FAO estimate,
FS,Suite of Food Security Indicators,21,Brazil,6121,Value,210041,Prevalence of undernourishment (percent) (3-year average),20182020,2018-2020,%,<2.5,02.5,FAO estimate,
FS,Suite of Food Security Indicators,26,Brunei Darussalam,6121,Value,210041,Prevalence of undernourishment (percent) (3-year average),20182020,2018-2020,%,<2.5,02.5,FAO estimate,
FS,Suite of Food Security Indicators,27,Bulgaria,6121,Value,210041,Prevalence of undernourishment (percent) (3-year average),20182020,2018-2020,%,3,03.0,FAO estimate,
FS,Suite of Food Security Indicators,233,Burkina Faso,6121,Value,210041,Prevalence of undernourishment (percent) (3-year average),20182020,2018-2020,%,14.4,14.4,FAO estimate,
FS,Suite of Food Security Indicators,29,Burundi,6121,Value,210041,Prevalence of undernourishment (percent) (3-year average),20182020,2018-2020,%,,,Data not available,
FS,Suite of Food Security Indicators,35,Cabo Verde,6121,Value,210041,Prevalence of undernourishment (percent) (3-year average),20182020,2018-2020,%,15.4,15.4,FAO estimate,
FS,Suite of Food Security Indicators,115,Cambodia,6121,Value,210041,Prevalence of undernourishment (percent) (3-year average),20182020,2018-2020,%,6.2,06.2,FAO estimate,
FS,Suite of Food Security Indicators,32,Cameroon,6121,Value,210041,Prevalence of undernourishment (percent) (3-year average),20182020,2018-2020,%,5.3,05.3,FAO estimate,
FS,Suite of Food Security Indicators,33,Canada,6121,Value,210041,Prevalence of undernourishment (percent) (3-year average),20182020,2018-2020,%,<2.5,02.5,FAO estimate,
FS,Suite of Food Security Indicators,37,Central African Republic,6121,Value,210041,Prevalence of undernourishment (percent) (3-year average),20182020,2018-2020,%,48.2,48.2,FAO estimate,
FS,Suite of Food Security Indicators,39,Chad,6121,Value,210041,Prevalence of undernourishment (percent) (3-year average),20182020,2018-2020,%,31.7,31.7,FAO estimate,
FS,Suite of Food Security Indicators,40,Chile,6121,Value,210041,Prevalence of undernourishment (percent) (3-year average),20182020,2018-2020,%,3.4,03.4,FAO estimate,
FS,Suite of Food Security Indicators,351,China,6121,Value,210041,Prevalence of undernourishment (percent) (3-year average),20182020,2018-2020,%,<2.5,02.5,FAO estimate,
FS,Suite of Food Security Indicators,96,"China, Hong Kong SAR",6121,Value,210041,Prevalence of undernourishment (percent) (3-year average),20182020,2018-2020,%,<2.5,02.5,FAO estimate,
FS,Suite of Food Security Indicators,128,"China, Macao SAR",6121,Value,210041,Prevalence of undernourishment (percent) (3-year average),20182020,2018-2020,%,4.3,04.3,FAO estimate,
FS,Suite of Food Security Indicators,41,"China, mainland",6121,Value,210041,Prevalence of undernourishment (percent) (3-year average),20182020,2018-2020,%,<2.5,02.5,FAO estimate,
FS,Suite of Food Security Indicators,214,"China, Taiwan Province of",6121,Value,210041,Prevalence of undernourishment (percent) (3-year average),20182020,2018-2020,%,3.3,03.3,FAO estimate,
FS,Suite of Food Security Indicators,44,Colombia,6121,Value,210041,Prevalence of undernourishment (percent) (3-year average),20182020,2018-2020,%,8.8,08.8,FAO estimate,
FS,Suite of Food Security Indicators,45,Comoros,6121,Value,210041,Prevalence of undernourishment (percent) (3-year average),20182020,2018-2020,%,,,Data not available,
FS,Suite of Food Security Indicators,46,Congo,6121,Value,210041,Prevalence of undernourishment (percent) (3-year average),20182020,2018-2020,%,37.7,37.7,FAO estimate,
FS,Suite of Food Security Indicators,47,Cook Islands,6121,Value,210041,Prevalence of undernourishment (percent) (3-year average),20182020,2018-2020,%,,,Data not available,
FS,Suite of Food Security Indicators,48,Costa Rica,6121,Value,210041,Prevalence of undernourishment (percent) (3-year average),20182020,2018-2020,%,3.1,03.1,FAO estimate,
FS,Suite of Food Security Indicators,107,Côte d'Ivoire,6121,Value,210041,Prevalence of undernourishment (percent) (3-year average),20182020,2018-2020,%,14.9,14.9,FAO estimate,
FS,Suite of Food Security Indicators,98,Croatia,6121,Value,210041,Prevalence of undernourishment (percent) (3-year average),20182020,2018-2020,%,<2.5,02.5,FAO estimate,
FS,Suite of Food Security Indicators,49,Cuba,6121,Value,210041,Prevalence of undernourishment (percent) (3-year average),20182020,2018-2020,%,<2.5,02.5,FAO estimate,
FS,Suite of Food Security Indicators,50,Cyprus,6121,Value,210041,Prevalence of undernourishment (percent) (3-year average),20182020,2018-2020,%,<2.5,02.5,FAO estimate,
FS,Suite of Food Security Indicators,167,Czechia,6121,Value,210041,Prevalence of undernourishment (percent) (3-year average),20182020,2018-2020,%,<2.5,02.5,FAO estimate,
FS,Suite of Food Security Indicators,116,Democratic People's Republic of Korea,6121,Value,210041,Prevalence of undernourishment (percent) (3-year average),20182020,2018-2020,%,42.4,42.4,FAO estimate,
FS,Suite of Food Security Indicators,250,Democratic Republic of the Congo,6121,Value,210041,Prevalence of undernourishment (percent) (3-year average),20182020,2018-2020,%,41.7,41.7,FAO estimate,
FS,Suite of Food Security Indicators,54,Denmark,6121,Value,210041,Prevalence of undernourishment (percent) (3-year average),20182020,2018-2020,%,<2.5,02.5,FAO estimate,
FS,Suite of Food Security Indicators,72,Djibouti,6121,Value,210041,Prevalence of undernourishment (percent) (3-year average),20182020,2018-2020,%,16.2,16.2,FAO estimate,
FS,Suite of Food Security Indicators,55,Dominica,6121,Value,210041,Prevalence of undernourishment (percent) (3-year average),20182020,2018-2020,%,5.6,05.6,FAO estimate,
FS,Suite of Food Security Indicators,56,Dominican Republic,6121,Value,210041,Prevalence of undernourishment (percent) (3-year average),20182020,2018-2020,%,8.3,08.3,FAO estimate,
FS,Suite of Food Security Indicators,58,Ecuador,6121,Value,210041,Prevalence of undernourishment (percent) (3-year average),20182020,2018-2020,%,12.4,12.4,FAO estimate,
FS,Suite of Food Security Indicators,59,Egypt,6121,Value,210041,Prevalence of undernourishment (percent) (3-year average),20182020,2018-2020,%,5.4,05.4,FAO estimate,
FS,Suite of Food Security Indicators,60,El Salvador,6121,Value,210041,Prevalence of undernourishment (percent) (3-year average),20182020,2018-2020,%,8.5,08.5,FAO estimate,
FS,Suite of Food Security Indicators,61,Equatorial Guinea,6121,Value,210041,Prevalence of undernourishment (percent) (3-year average),20182020,2018-2020,%,,,Data not available,
FS,Suite of Food Security Indicators,178,Eritrea,6121,Value,210041,Prevalence of undernourishment (percent) (3-year average),20182020,2018-2020,%,,,Data not available,
FS,Suite of Food Security Indicators,63,Estonia,6121,Value,210041,Prevalence of undernourishment (percent) (3-year average),20182020,2018-2020,%,<2.5,02.5,FAO estimate,
FS,Suite of Food Security Indicators,209,Eswatini,6121,Value,210041,Prevalence of undernourishment (percent) (3-year average),20182020,2018-2020,%,11.6,11.6,FAO estimate,
FS,Suite of Food Security Indicators,238,Ethiopia,6121,Value,210041,Prevalence of undernourishment (percent) (3-year average),20182020,2018-2020,%,16.2,16.2,FAO estimate,
FS,Suite of Food Security Indicators,66,Fiji,6121,Value,210041,Prevalence of undernourishment (percent) (3-year average),20182020,2018-2020,%,5.6,05.6,FAO estimate,
FS,Suite of Food Security Indicators,67,Finland,6121,Value,210041,Prevalence of undernourishment (percent) (3-year average),20182020,2018-2020,%,<2.5,02.5,FAO estimate,
FS,Suite of Food Security Indicators,68,France,6121,Value,210041,Prevalence of undernourishment (percent) (3-year average),20182020,2018-2020,%,<2.5,02.5,FAO estimate,
FS,Suite of Food Security Indicators,70,French Polynesia,6121,Value,210041,Prevalence of undernourishment (percent) (3-year average),20182020,2018-2020,%,3.8,03.8,FAO estimate,
FS,Suite of Food Security Indicators,74,Gabon,6121,Value,210041,Prevalence of undernourishment (percent) (3-year average),20182020,2018-2020,%,15.7,15.7,FAO estimate,
FS,Suite of Food Security Indicators,75,Gambia,6121,Value,210041,Prevalence of undernourishment (percent) (3-year average),20182020,2018-2020,%,13.6,13.6,FAO estimate,
FS,Suite of Food Security Indicators,73,Georgia,6121,Value,210041,Prevalence of undernourishment (percent) (3-year average),20182020,2018-2020,%,8.7,08.7,FAO estimate,
FS,Suite of Food Security Indicators,79,Germany,6121,Value,210041,Prevalence of undernourishment (percent) (3-year average),20182020,2018-2020,%,<2.5,02.5,FAO estimate,
FS,Suite of Food Security Indicators,81,Ghana,6121,Value,210041,Prevalence of undernourishment (percent) (3-year average),20182020,2018-2020,%,6.1,06.1,FAO estimate,
FS,Suite of Food Security Indicators,84,Greece,6121,Value,210041,Prevalence of undernourishment (percent) (3-year average),20182020,2018-2020,%,<2.5,02.5,FAO estimate,
FS,Suite of Food Security Indicators,85,Greenland,6121,Value,210041,Prevalence of undernourishment (percent) (3-year average),20182020,2018-2020,%,,,Data not available,
FS,Suite of Food Security Indicators,86,Grenada,6121,Value,210041,Prevalence of undernourishment (percent) (3-year average),20182020,2018-2020,%,,,Data not available,
FS,Suite of Food Security Indicators,89,Guatemala,6121,Value,210041,Prevalence of undernourishment (percent) (3-year average),20182020,2018-2020,%,16.8,16.8,FAO estimate,
FS,Suite of Food Security Indicators,90,Guinea,6121,Value,210041,Prevalence of undernourishment (percent) (3-year average),20182020,2018-2020,%,,,Data not available,
FS,Suite of Food Security Indicators,175,Guinea-Bissau,6121,Value,210041,Prevalence of undernourishment (percent) (3-year average),20182020,2018-2020,%,,,Data not available,
FS,Suite of Food Security Indicators,91,Guyana,6121,Value,210041,Prevalence of undernourishment (percent) (3-year average),20182020,2018-2020,%,5.2,05.2,FAO estimate,
FS,Suite of Food Security Indicators,93,Haiti,6121,Value,210041,Prevalence of undernourishment (percent) (3-year average),20182020,2018-2020,%,46.8,46.8,FAO estimate,
FS,Suite of Food Security Indicators,95,Honduras,6121,Value,210041,Prevalence of undernourishment (percent) (3-year average),20182020,2018-2020,%,13.5,13.5,FAO estimate,
FS,Suite of Food Security Indicators,97,Hungary,6121,Value,210041,Prevalence of undernourishment (percent) (3-year average),20182020,2018-2020,%,<2.5,02.5,FAO estimate,
FS,Suite of Food Security Indicators,99,Iceland,6121,Value,210041,Prevalence of undernourishment (percent) (3-year average),20182020,2018-2020,%,<2.5,02.5,FAO estimate,
FS,Suite of Food Security Indicators,100,India,6121,Value,210041,Prevalence of undernourishment (percent) (3-year average),20182020,2018-2020,%,15.3,15.3,FAO estimate,
FS,Suite of Food Security Indicators,101,Indonesia,6121,Value,210041,Prevalence of undernourishment (percent) (3-year average),20182020,2018-2020,%,6.5,06.5,FAO estimate,
FS,Suite of Food Security Indicators,102,Iran (Islamic Republic of),6121,Value,210041,Prevalence of undernourishment (percent) (3-year average),20182020,2018-2020,%,5.5,05.5,FAO estimate,
FS,Suite of Food Security Indicators,103,Iraq,6121,Value,210041,Prevalence of undernourishment (percent) (3-year average),20182020,2018-2020,%,37.5,37.5,FAO estimate,
FS,Suite of Food Security Indicators,104,Ireland,6121,Value,210041,Prevalence of undernourishment (percent) (3-year average),20182020,2018-2020,%,<2.5,02.5,FAO estimate,
FS,Suite of Food Security Indicators,105,Israel,6121,Value,210041,Prevalence of undernourishment (percent) (3-year average),20182020,2018-2020,%,<2.5,02.5,FAO estimate,
FS,Suite of Food Security Indicators,106,Italy,6121,Value,210041,Prevalence of undernourishment (percent) (3-year average),20182020,2018-2020,%,<2.5,02.5,FAO estimate,
FS,Suite of Food Security Indicators,109,Jamaica,6121,Value,210041,Prevalence of undernourishment (percent) (3-year average),20182020,2018-2020,%,7.7,07.7,FAO estimate,
FS,Suite of Food Security Indicators,110,Japan,6121,Value,210041,Prevalence of undernourishment (percent) (3-year average),20182020,2018-2020,%,<2.5,02.5,FAO estimate,
FS,Suite of Food Security Indicators,112,Jordan,6121,Value,210041,Prevalence of undernourishment (percent) (3-year average),20182020,2018-2020,%,9.5,09.5,FAO estimate,
FS,Suite of Food Security Indicators,108,Kazakhstan,6121,Value,210041,Prevalence of undernourishment (percent) (3-year average),20182020,2018-2020,%,<2.5,02.5,FAO estimate,
FS,Suite of Food Security Indicators,114,Kenya,6121,Value,210041,Prevalence of undernourishment (percent) (3-year average),20182020,2018-2020,%,24.8,24.8,FAO estimate,
FS,Suite of Food Security Indicators,83,Kiribati,6121,Value,210041,Prevalence of undernourishment (percent) (3-year average),20182020,2018-2020,%,4.1,04.1,FAO estimate,
FS,Suite of Food Security Indicators,118,Kuwait,6121,Value,210041,Prevalence of undernourishment (percent) (3-year average),20182020,2018-2020,%,<2.5,02.5,FAO estimate,
FS,Suite of Food Security Indicators,113,Kyrgyzstan,6121,Value,210041,Prevalence of undernourishment (percent) (3-year average),20182020,2018-2020,%,7.2,07.2,FAO estimate,
FS,Suite of Food Security Indicators,120,Lao People's Democratic Republic,6121,Value,210041,Prevalence of undernourishment (percent) (3-year average),20182020,2018-2020,%,5.3,05.3,FAO estimate,
FS,Suite of Food Security Indicators,119,Latvia,6121,Value,210041,Prevalence of undernourishment (percent) (3-year average),20182020,2018-2020,%,<2.5,02.5,FAO estimate,
FS,Suite of Food Security Indicators,121,Lebanon,6121,Value,210041,Prevalence of undernourishment (percent) (3-year average),20182020,2018-2020,%,9.3,09.3,FAO estimate,
FS,Suite of Food Security Indicators,122,Lesotho,6121,Value,210041,Prevalence of undernourishment (percent) (3-year average),20182020,2018-2020,%,23.5,23.5,FAO estimate,
FS,Suite of Food Security Indicators,123,Liberia,6121,Value,210041,Prevalence of undernourishment (percent) (3-year average),20182020,2018-2020,%,38.9,38.9,FAO estimate,
FS,Suite of Food Security Indicators,124,Libya,6121,Value,210041,Prevalence of undernourishment (percent) (3-year average),20182020,2018-2020,%,,,Data not available,
FS,Suite of Food Security Indicators,126,Lithuania,6121,Value,210041,Prevalence of undernourishment (percent) (3-year average),20182020,2018-2020,%,<2.5,02.5,FAO estimate,
FS,Suite of Food Security Indicators,256,Luxembourg,6121,Value,210041,Prevalence of undernourishment (percent) (3-year average),20182020,2018-2020,%,<2.5,02.5,FAO estimate,
FS,Suite of Food Security Indicators,129,Madagascar,6121,Value,210041,Prevalence of undernourishment (percent) (3-year average),20182020,2018-2020,%,43.2,43.2,FAO estimate,
FS,Suite of Food Security Indicators,130,Malawi,6121,Value,210041,Prevalence of undernourishment (percent) (3-year average),20182020,2018-2020,%,17.3,17.3,FAO estimate,
FS,Suite of Food Security Indicators,131,Malaysia,6121,Value,210041,Prevalence of undernourishment (percent) (3-year average),20182020,2018-2020,%,3.2,03.2,FAO estimate,
FS,Suite of Food Security Indicators,132,Maldives,6121,Value,210041,Prevalence of undernourishment (percent) (3-year average),20182020,2018-2020,%,,,Data not available,
FS,Suite of Food Security Indicators,133,Mali,6121,Value,210041,Prevalence of undernourishment (percent) (3-year average),20182020,2018-2020,%,10.4,10.4,FAO estimate,
FS,Suite of Food Security Indicators,134,Malta,6121,Value,210041,Prevalence of undernourishment (percent) (3-year average),20182020,2018-2020,%,<2.5,02.5,FAO estimate,
FS,Suite of Food Security Indicators,127,Marshall Islands,6121,Value,210041,Prevalence of undernourishment (percent) (3-year average),20182020,2018-2020,%,,,Data not available,
FS,Suite of Food Security Indicators,136,Mauritania,6121,Value,210041,Prevalence of undernourishment (percent) (3-year average),20182020,2018-2020,%,9.1,09.1,FAO estimate,
FS,Suite of Food Security Indicators,137,Mauritius,6121,Value,210041,Prevalence of undernourishment (percent) (3-year average),20182020,2018-2020,%,6.2,06.2,FAO estimate,
FS,Suite of Food Security Indicators,138,Mexico,6121,Value,210041,Prevalence of undernourishment (percent) (3-year average),20182020,2018-2020,%,7.2,07.2,FAO estimate,
FS,Suite of Food Security Indicators,145,Micronesia (Federated States of),6121,Value,210041,Prevalence of undernourishment (percent) (3-year average),20182020,2018-2020,%,,,Data not available,
FS,Suite of Food Security Indicators,141,Mongolia,6121,Value,210041,Prevalence of undernourishment (percent) (3-year average),20182020,2018-2020,%,4.3,04.3,FAO estimate,
FS,Suite of Food Security Indicators,273,Montenegro,6121,Value,210041,Prevalence of undernourishment (percent) (3-year average),20182020,2018-2020,%,<2.5,02.5,FAO estimate,
FS,Suite of Food Security Indicators,143,Morocco,6121,Value,210041,Prevalence of undernourishment (percent) (3-year average),20182020,2018-2020,%,4.2,04.2,FAO estimate,
FS,Suite of Food Security Indicators,144,Mozambique,6121,Value,210041,Prevalence of undernourishment (percent) (3-year average),20182020,2018-2020,%,31.2,31.2,FAO estimate,
FS,Suite of Food Security Indicators,28,Myanmar,6121,Value,210041,Prevalence of undernourishment (percent) (3-year average),20182020,2018-2020,%,7.6,07.6,FAO estimate,
FS,Suite of Food Security Indicators,147,Namibia,6121,Value,210041,Prevalence of undernourishment (percent) (3-year average),20182020,2018-2020,%,19.8,19.8,FAO estimate,
FS,Suite of Food Security Indicators,148,Nauru,6121,Value,210041,Prevalence of undernourishment (percent) (3-year average),20182020,2018-2020,%,,,Data not available,
FS,Suite of Food Security Indicators,149,Nepal,6121,Value,210041,Prevalence of undernourishment (percent) (3-year average),20182020,2018-2020,%,4.8,04.8,FAO estimate,
FS,Suite of Food Security Indicators,150,Netherlands,6121,Value,210041,Prevalence of undernourishment (percent) (3-year average),20182020,2018-2020,%,<2.5,02.5,FAO estimate,
FS,Suite of Food Security Indicators,153,New Caledonia,6121,Value,210041,Prevalence of undernourishment (percent) (3-year average),20182020,2018-2020,%,6.9,06.9,FAO estimate,
FS,Suite of Food Security Indicators,156,New Zealand,6121,Value,210041,Prevalence of undernourishment (percent) (3-year average),20182020,2018-2020,%,<2.5,02.5,FAO estimate,
FS,Suite of Food Security Indicators,157,Nicaragua,6121,Value,210041,Prevalence of undernourishment (percent) (3-year average),20182020,2018-2020,%,19.3,19.3,FAO estimate,
FS,Suite of Food Security Indicators,158,Niger,6121,Value,210041,Prevalence of undernourishment (percent) (3-year average),20182020,2018-2020,%,,,Data not available,
FS,Suite of Food Security Indicators,159,Nigeria,6121,Value,210041,Prevalence of undernourishment (percent) (3-year average),20182020,2018-2020,%,14.6,14.6,FAO estimate,
FS,Suite of Food Security Indicators,160,Niue,6121,Value,210041,Prevalence of undernourishment (percent) (3-year average),20182020,2018-2020,%,,,Data not available,
FS,Suite of Food Security Indicators,154,North Macedonia,6121,Value,210041,Prevalence of undernourishment (percent) (3-year average),20182020,2018-2020,%,2.7,02.7,FAO estimate,
FS,Suite of Food Security Indicators,162,Norway,6121,Value,210041,Prevalence of undernourishment (percent) (3-year average),20182020,2018-2020,%,<2.5,02.5,FAO estimate,
FS,Suite of Food Security Indicators,221,Oman,6121,Value,210041,Prevalence of undernourishment (percent) (3-year average),20182020,2018-2020,%,8.2,08.2,FAO estimate,
FS,Suite of Food Security Indicators,165,Pakistan,6121,Value,210041,Prevalence of undernourishment (percent) (3-year average),20182020,2018-2020,%,12.9,12.9,FAO estimate,
FS,Suite of Food Security Indicators,180,Palau,6121,Value,210041,Prevalence of undernourishment (percent) (3-year average),20182020,2018-2020,%,,,Data not available,
FS,Suite of Food Security Indicators,299,Palestine,6121,Value,210041,Prevalence of undernourishment (percent) (3-year average),20182020,2018-2020,%,,,Data not available,
FS,Suite of Food Security Indicators,166,Panama,6121,Value,210041,Prevalence of undernourishment (percent) (3-year average),20182020,2018-2020,%,7.5,07.5,FAO estimate,
FS,Suite of Food Security Indicators,168,Papua New Guinea,6121,Value,210041,Prevalence of undernourishment (percent) (3-year average),20182020,2018-2020,%,24.6,24.6,FAO estimate,
FS,Suite of Food Security Indicators,169,Paraguay,6121,Value,210041,Prevalence of undernourishment (percent) (3-year average),20182020,2018-2020,%,9.2,09.2,FAO estimate,
FS,Suite of Food Security Indicators,170,Peru,6121,Value,210041,Prevalence of undernourishment (percent) (3-year average),20182020,2018-2020,%,8.7,08.7,FAO estimate,
FS,Suite of Food Security Indicators,171,Philippines,6121,Value,210041,Prevalence of undernourishment (percent) (3-year average),20182020,2018-2020,%,9.4,09.4,FAO estimate,
FS,Suite of Food Security Indicators,173,Poland,6121,Value,210041,Prevalence of undernourishment (percent) (3-year average),20182020,2018-2020,%,<2.5,02.5,FAO estimate,
FS,Suite of Food Security Indicators,174,Portugal,6121,Value,210041,Prevalence of undernourishment (percent) (3-year average),20182020,2018-2020,%,<2.5,02.5,FAO estimate,
FS,Suite of Food Security Indicators,177,Puerto Rico,6121,Value,210041,Prevalence of undernourishment (percent) (3-year average),20182020,2018-2020,%,,,Data not available,
FS,Suite of Food Security Indicators,179,Qatar,6121,Value,210041,Prevalence of undernourishment (percent) (3-year average),20182020,2018-2020,%,,,Data not available,
FS,Suite of Food Security Indicators,117,Republic of Korea,6121,Value,210041,Prevalence of undernourishment (percent) (3-year average),20182020,2018-2020,%,<2.5,02.5,FAO estimate,
FS,Suite of Food Security Indicators,146,Republic of Moldova,6121,Value,210041,Prevalence of undernourishment (percent) (3-year average),20182020,2018-2020,%,,,Data not available,
FS,Suite of Food Security Indicators,183,Romania,6121,Value,210041,Prevalence of undernourishment (percent) (3-year average),20182020,2018-2020,%,<2.5,02.5,FAO estimate,
FS,Suite of Food Security Indicators,185,Russian Federation,6121,Value,210041,Prevalence of undernourishment (percent) (3-year average),20182020,2018-2020,%,<2.5,02.5,FAO estimate,
FS,Suite of Food Security Indicators,184,Rwanda,6121,Value,210041,Prevalence of undernourishment (percent) (3-year average),20182020,2018-2020,%,35.2,35.2,FAO estimate,
FS,Suite of Food Security Indicators,188,Saint Kitts and Nevis,6121,Value,210041,Prevalence of undernourishment (percent) (3-year average),20182020,2018-2020,%,,,Data not available,
FS,Suite of Food Security Indicators,189,Saint Lucia,6121,Value,210041,Prevalence of undernourishment (percent) (3-year average),20182020,2018-2020,%,,,Data not available,
FS,Suite of Food Security Indicators,191,Saint Vincent and the Grenadines,6121,Value,210041,Prevalence of undernourishment (percent) (3-year average),20182020,2018-2020,%,5.6,05.6,FAO estimate,
FS,Suite of Food Security Indicators,244,Samoa,6121,Value,210041,Prevalence of undernourishment (percent) (3-year average),20182020,2018-2020,%,4.6,04.6,FAO estimate,
FS,Suite of Food Security Indicators,193,Sao Tome and Principe,6121,Value,210041,Prevalence of undernourishment (percent) (3-year average),20182020,2018-2020,%,11.9,11.9,FAO estimate,
FS,Suite of Food Security Indicators,194,Saudi Arabia,6121,Value,210041,Prevalence of undernourishment (percent) (3-year average),20182020,2018-2020,%,3.9,03.9,FAO estimate,
FS,Suite of Food Security Indicators,195,Senegal,6121,Value,210041,Prevalence of undernourishment (percent) (3-year average),20182020,2018-2020,%,7.5,07.5,FAO estimate,
FS,Suite of Food Security Indicators,272,Serbia,6121,Value,210041,Prevalence of undernourishment (percent) (3-year average),20182020,2018-2020,%,3.9,03.9,FAO estimate,
FS,Suite of Food Security Indicators,196,Seychelles,6121,Value,210041,Prevalence of undernourishment (percent) (3-year average),20182020,2018-2020,%,,,Data not available,
FS,Suite of Food Security Indicators,197,Sierra Leone,6121,Value,210041,Prevalence of undernourishment (percent) (3-year average),20182020,2018-2020,%,26.2,26.2,FAO estimate,
FS,Suite of Food Security Indicators,200,Singapore,6121,Value,210041,Prevalence of undernourishment (percent) (3-year average),20182020,2018-2020,%,,,Data not available,
FS,Suite of Food Security Indicators,199,Slovakia,6121,Value,210041,Prevalence of undernourishment (percent) (3-year average),20182020,2018-2020,%,4,04.0,FAO estimate,
FS,Suite of Food Security Indicators,198,Slovenia,6121,Value,210041,Prevalence of undernourishment (percent) (3-year average),20182020,2018-2020,%,<2.5,02.5,FAO estimate,
FS,Suite of Food Security Indicators,25,Solomon Islands,6121,Value,210041,Prevalence of undernourishment (percent) (3-year average),20182020,2018-2020,%,16.5,16.5,FAO estimate,
FS,Suite of Food Security Indicators,201,Somalia,6121,Value,210041,Prevalence of undernourishment (percent) (3-year average),20182020,2018-2020,%,59.5,59.5,FAO estimate,
FS,Suite of Food Security Indicators,202,South Africa,6121,Value,210041,Prevalence of undernourishment (percent) (3-year average),20182020,2018-2020,%,6.5,06.5,FAO estimate,
FS,Suite of Food Security Indicators,277,South Sudan,6121,Value,210041,Prevalence of undernourishment (percent) (3-year average),20182020,2018-2020,%,,,Data not available,
FS,Suite of Food Security Indicators,203,Spain,6121,Value,210041,Prevalence of undernourishment (percent) (3-year average),20182020,2018-2020,%,<2.5,02.5,FAO estimate,
FS,Suite of Food Security Indicators,38,Sri Lanka,6121,Value,210041,Prevalence of undernourishment (percent) (3-year average),20182020,2018-2020,%,6.8,06.8,FAO estimate,
FS,Suite of Food Security Indicators,276,Sudan,6121,Value,210041,Prevalence of undernourishment (percent) (3-year average),20182020,2018-2020,%,12.3,12.3,FAO estimate,
FS,Suite of Food Security Indicators,207,Suriname,6121,Value,210041,Prevalence of undernourishment (percent) (3-year average),20182020,2018-2020,%,8.7,08.7,FAO estimate,
FS,Suite of Food Security Indicators,210,Sweden,6121,Value,210041,Prevalence of undernourishment (percent) (3-year average),20182020,2018-2020,%,<2.5,02.5,FAO estimate,
FS,Suite of Food Security Indicators,211,Switzerland,6121,Value,210041,Prevalence of undernourishment (percent) (3-year average),20182020,2018-2020,%,<2.5,02.5,FAO estimate,
FS,Suite of Food Security Indicators,212,Syrian Arab Republic,6121,Value,210041,Prevalence of undernourishment (percent) (3-year average),20182020,2018-2020,%,,,Data not available,
FS,Suite of Food Security Indicators,208,Tajikistan,6121,Value,210041,Prevalence of undernourishment (percent) (3-year average),20182020,2018-2020,%,,,Data not available,
FS,Suite of Food Security Indicators,216,Thailand,6121,Value,210041,Prevalence of undernourishment (percent) (3-year average),20182020,2018-2020,%,8.2,08.2,FAO estimate,
FS,Suite of Food Security Indicators,176,Timor-Leste,6121,Value,210041,Prevalence of undernourishment (percent) (3-year average),20182020,2018-2020,%,22.6,22.6,FAO estimate,
FS,Suite of Food Security Indicators,217,Togo,6121,Value,210041,Prevalence of undernourishment (percent) (3-year average),20182020,2018-2020,%,20.4,20.4,FAO estimate,
FS,Suite of Food Security Indicators,218,Tokelau,6121,Value,210041,Prevalence of undernourishment (percent) (3-year average),20182020,2018-2020,%,,,Data not available,
FS,Suite of Food Security Indicators,219,Tonga,6121,Value,210041,Prevalence of undernourishment (percent) (3-year average),20182020,2018-2020,%,,,Data not available,
FS,Suite of Food Security Indicators,220,Trinidad and Tobago,6121,Value,210041,Prevalence of undernourishment (percent) (3-year average),20182020,2018-2020,%,6.7,06.7,FAO estimate,
FS,Suite of Food Security Indicators,222,Tunisia,6121,Value,210041,Prevalence of undernourishment (percent) (3-year average),20182020,2018-2020,%,3,03.0,FAO estimate,
FS,Suite of Food Security Indicators,223,Turkey,6121,Value,210041,Prevalence of undernourishment (percent) (3-year average),20182020,2018-2020,%,<2.5,02.5,FAO estimate,
FS,Suite of Food Security Indicators,213,Turkmenistan,6121,Value,210041,Prevalence of undernourishment (percent) (3-year average),20182020,2018-2020,%,4.1,04.1,FAO estimate,
FS,Suite of Food Security Indicators,227,Tuvalu,6121,Value,210041,Prevalence of undernourishment (percent) (3-year average),20182020,2018-2020,%,,,Data not available,
FS,Suite of Food Security Indicators,226,Uganda,6121,Value,210041,Prevalence of undernourishment (percent) (3-year average),20182020,2018-2020,%,,,Data not available,
FS,Suite of Food Security Indicators,230,Ukraine,6121,Value,210041,Prevalence of undernourishment (percent) (3-year average),20182020,2018-2020,%,<2.5,02.5,FAO estimate,
FS,Suite of Food Security Indicators,225,United Arab Emirates,6121,Value,210041,Prevalence of undernourishment (percent) (3-year average),20182020,2018-2020,%,3.7,03.7,FAO estimate,
FS,Suite of Food Security Indicators,229,United Kingdom of Great Britain and Northern Ireland,6121,Value,210041,Prevalence of undernourishment (percent) (3-year average),20182020,2018-2020,%,<2.5,02.5,FAO estimate,
FS,Suite of Food Security Indicators,215,United Republic of Tanzania,6121,Value,210041,Prevalence of undernourishment (percent) (3-year average),20182020,2018-2020,%,25.1,25.1,FAO estimate,
FS,Suite of Food Security Indicators,231,United States of America,6121,Value,210041,Prevalence of undernourishment (percent) (3-year average),20182020,2018-2020,%,<2.5,02.5,FAO estimate,
FS,Suite of Food Security Indicators,234,Uruguay,6121,Value,210041,Prevalence of undernourishment (percent) (3-year average),20182020,2018-2020,%,<2.5,02.5,FAO estimate,
FS,Suite of Food Security Indicators,235,Uzbekistan,6121,Value,210041,Prevalence of undernourishment (percent) (3-year average),20182020,2018-2020,%,<2.5,02.5,FAO estimate,
FS,Suite of Food Security Indicators,155,Vanuatu,6121,Value,210041,Prevalence of undernourishment (percent) (3-year average),20182020,2018-2020,%,9.3,09.3,FAO estimate,
FS,Suite of Food Security Indicators,236,Venezuela (Bolivarian Republic of),6121,Value,210041,Prevalence of undernourishment (percent) (3-year average),20182020,2018-2020,%,27.4,27.4,FAO estimate,
FS,Suite of Food Security Indicators,237,Viet Nam,6121,Value,210041,Prevalence of undernourishment (percent) (3-year average),20182020,2018-2020,%,6.7,06.7,FAO estimate,
FS,Suite of Food Security Indicators,249,Yemen,6121,Value,210041,Prevalence of undernourishment (percent) (3-year average),20182020,2018-2020,%,45.4,45.4,FAO estimate,
FS,Suite of Food Security Indicators,251,Zambia,6121,Value,210041,Prevalence of undernourishment (percent) (3-year average),20182020,2018-2020,%,,,Data not available,
FS,Suite of Food Security Indicators,181,Zimbabwe,6121,Value,210041,Prevalence of undernourishment (percent) (3-year average),20182020,2018-2020,%,,,Data not available,
FS,Suite of Food Security Indicators,5000,World,6121,Value,210041,Prevalence of undernourishment (percent) (3-year average),20182020,2018-2020,%,8.9,08.9,FAO estimate,
FS,Suite of Food Security Indicators,5100,Africa,6121,Value,210041,Prevalence of undernourishment (percent) (3-year average),20182020,2018-2020,%,19,19.0,FAO estimate,
FS,Suite of Food Security Indicators,5101,Eastern Africa,6121,Value,210041,Prevalence of undernourishment (percent) (3-year average),20182020,2018-2020,%,26.6,26.6,FAO estimate,
FS,Suite of Food Security Indicators,5102,Middle Africa,6121,Value,210041,Prevalence of undernourishment (percent) (3-year average),20182020,2018-2020,%,30.5,30.5,FAO estimate,
FS,Suite of Food Security Indicators,5103,Northern Africa,6121,Value,210041,Prevalence of undernourishment (percent) (3-year average),20182020,2018-2020,%,6.6,06.6,FAO estimate,
FS,Suite of Food Security Indicators,429,North Africa (excluding Sudan),6121,Value,210041,Prevalence of undernourishment (percent) (3-year average),20182020,2018-2020,%,5.4,05.4,FAO estimate,
FS,Suite of Food Security Indicators,5104,Southern Africa,6121,Value,210041,Prevalence of undernourishment (percent) (3-year average),20182020,2018-2020,%,8.4,08.4,FAO estimate,
FS,Suite of Food Security Indicators,5105,Western Africa,6121,Value,210041,Prevalence of undernourishment (percent) (3-year average),20182020,2018-2020,%,14.8,14.8,FAO estimate,
FS,Suite of Food Security Indicators,420,Sub-Saharan Africa,6121,Value,210041,Prevalence of undernourishment (percent) (3-year average),20182020,2018-2020,%,21.8,21.8,FAO estimate,
FS,Suite of Food Security Indicators,5810,Sub-Saharan Africa (including Sudan),6121,Value,210041,Prevalence of undernourishment (percent) (3-year average),20182020,2018-2020,%,21.4,21.4,FAO estimate,
FS,Suite of Food Security Indicators,5208,Northern America and Europe,6121,Value,210041,Prevalence of undernourishment (percent) (3-year average),20182020,2018-2020,%,<2.5,02.5,FAO estimate,
FS,Suite of Food Security Indicators,5203,Northern America,6121,Value,210041,Prevalence of undernourishment (percent) (3-year average),20182020,2018-2020,%,<2.5,02.5,FAO estimate,
FS,Suite of Food Security Indicators,5400,Europe,6121,Value,210041,Prevalence of undernourishment (percent) (3-year average),20182020,2018-2020,%,<2.5,02.5,FAO estimate,
FS,Suite of Food Security Indicators,5401,Eastern Europe,6121,Value,210041,Prevalence of undernourishment (percent) (3-year average),20182020,2018-2020,%,<2.5,02.5,FAO estimate,
FS,Suite of Food Security Indicators,5402,Northern Europe,6121,Value,210041,Prevalence of undernourishment (percent) (3-year average),20182020,2018-2020,%,<2.5,02.5,FAO estimate,
FS,Suite of Food Security Indicators,5403,Southern Europe,6121,Value,210041,Prevalence of undernourishment (percent) (3-year average),20182020,2018-2020,%,<2.5,02.5,FAO estimate,
FS,Suite of Food Security Indicators,5404,Western Europe,6121,Value,210041,Prevalence of undernourishment (percent) (3-year average),20182020,2018-2020,%,<2.5,02.5,FAO estimate,
FS,Suite of Food Security Indicators,5205,Latin America and the Caribbean,6121,Value,210041,Prevalence of undernourishment (percent) (3-year average),20182020,2018-2020,%,7.7,07.7,FAO estimate,
FS,Suite of Food Security Indicators,5204,Central America,6121,Value,210041,Prevalence of undernourishment (percent) (3-year average),20182020,2018-2020,%,8.9,08.9,FAO estimate,
FS,Suite of Food Security Indicators,5206,Caribbean,6121,Value,210041,Prevalence of undernourishment (percent) (3-year average),20182020,2018-2020,%,16,16.0,FAO estimate,
FS,Suite of Food Security Indicators,5207,South America,6121,Value,210041,Prevalence of undernourishment (percent) (3-year average),20182020,2018-2020,%,6.3,06.3,FAO estimate,
FS,Suite of Food Security Indicators,5300,Asia,6121,Value,210041,Prevalence of undernourishment (percent) (3-year average),20182020,2018-2020,%,8.2,08.2,FAO estimate,
FS,Suite of Food Security Indicators,5301,Central Asia,6121,Value,210041,Prevalence of undernourishment (percent) (3-year average),20182020,2018-2020,%,3.2,03.2,FAO estimate,
FS,Suite of Food Security Indicators,5302,Eastern Asia,6121,Value,210041,Prevalence of undernourishment (percent) (3-year average),20182020,2018-2020,%,<2.5,02.5,FAO estimate,
FS,Suite of Food Security Indicators,5854,East Asia (excluding China),6121,Value,210041,Prevalence of undernourishment (percent) (3-year average),20182020,2018-2020,%,6.2,06.2,FAO estimate,
FS,Suite of Food Security Indicators,5303,Southern Asia,6121,Value,210041,Prevalence of undernourishment (percent) (3-year average),20182020,2018-2020,%,14.1,14.1,FAO estimate,
FS,Suite of Food Security Indicators,5855,South Asia (excluding India),6121,Value,210041,Prevalence of undernourishment (percent) (3-year average),20182020,2018-2020,%,11,11.0,FAO estimate,
FS,Suite of Food Security Indicators,5304,South-eastern Asia,6121,Value,210041,Prevalence of undernourishment (percent) (3-year average),20182020,2018-2020,%,7.1,07.1,FAO estimate,
FS,Suite of Food Security Indicators,5305,Western Asia,6121,Value,210041,Prevalence of undernourishment (percent) (3-year average),20182020,2018-2020,%,14.6,14.6,FAO estimate,
FS,Suite of Food Security Indicators,5306,Central Asia and Southern Asia,6121,Value,210041,Prevalence of undernourishment (percent) (3-year average),20182020,2018-2020,%,13.7,13.7,FAO estimate,
FS,Suite of Food Security Indicators,5307,Eastern Asia and South-eastern Asia,6121,Value,210041,Prevalence of undernourishment (percent) (3-year average),20182020,2018-2020,%,2.8,02.8,FAO estimate,
FS,Suite of Food Security Indicators,5308,Western Asia and Northern Africa,6121,Value,210041,Prevalence of undernourishment (percent) (3-year average),20182020,2018-2020,%,10.9,10.9,FAO estimate,
FS,Suite of Food Security Indicators,5500,Oceania,6121,Value,210041,Prevalence of undernourishment (percent) (3-year average),20182020,2018-2020,%,6.2,06.2,FAO estimate,
FS,Suite of Food Security Indicators,5501,Australia and New Zealand,6121,Value,210041,Prevalence of undernourishment (percent) (3-year average),20182020,2018-2020,%,<2.5,02.5,FAO estimate,
FS,Suite of Food Security Indicators,5502,Melanesia,6121,Value,210041,Prevalence of undernourishment (percent) (3-year average),20182020,2018-2020,%,21.7,21.7,FAO estimate,
FS,Suite of Food Security Indicators,5503,Micronesia,6121,Value,210041,Prevalence of undernourishment (percent) (3-year average),20182020,2018-2020,%,,,Data not available,
FS,Suite of Food Security Indicators,5504,Polynesia,6121,Value,210041,Prevalence of undernourishment (percent) (3-year average),20182020,2018-2020,%,4.1,04.1,FAO estimate,
FS,Suite of Food Security Indicators,5801,Least Developed Countries,6121,Value,210041,Prevalence of undernourishment (percent) (3-year average),20182020,2018-2020,%,22,22.0,FAO estimate,
FS,Suite of Food Security Indicators,5802,Land Locked Developing Countries,6121,Value,210041,Prevalence of undernourishment (percent) (3-year average),20182020,2018-2020,%,17.5,17.5,FAO estimate,
FS,Suite of Food Security Indicators,5803,Small Island Developing States,6121,Value,210041,Prevalence of undernourishment (percent) (3-year average),20182020,2018-2020,%,15.2,15.2,FAO estimate,
FS,Suite of Food Security Indicators,5815,Low Income Food Deficit Countries,6121,Value,210041,Prevalence of undernourishment (percent) (3-year average),20182020,2018-2020,%,18,18.0,FAO estimate,
FS,Suite of Food Security Indicators,5858,Low income economies,6121,Value,210041,Prevalence of undernourishment (percent) (3-year average),20182020,2018-2020,%,28.9,28.9,FAO estimate,
FS,Suite of Food Security Indicators,5859,Lower-middle-income economies,6121,Value,210041,Prevalence of undernourishment (percent) (3-year average),20182020,2018-2020,%,13,13.0,FAO estimate,
FS,Suite of Food Security Indicators,9010,High-income economies,6121,Value,210041,Prevalence of undernourishment (percent) (3-year average),20182020,2018-2020,%,<2.5,02.5,FAO estimate,
FS,Suite of Food Security Indicators,9011,Upper-middle-income economies,6121,Value,210041,Prevalence of undernourishment (percent) (3-year average),20182020,2018-2020,%,3.4,03.4,FAO estimate,
